{"stat.useItem.20":10,"stat.useItem.383":17,"stat.useItem.174":8,"stat.useItem.76":1,"stat.flyOneCm":13232,"stat.useItem.89":19,"stat.useItem.330":4,"stat.walkOneCm":99161,"stat.drop":1,"stat.useItem.50":10,"stat.jump":72,"stat.useItem.324":2,"stat.useItem.95":19,"stat.swimOneCm":107,"stat.playOneMinute":21910,"achievement.openInventory":17,"stat.useItem.3":10,"stat.damageDealt":110,"achievement.exploreAllBiomes":{"value":0,"progress":["Plains"]},"stat.useItem.160":3,"stat.useItem.79":46,"stat.useItem.69":3,"stat.useItem.49":3}